Czy wykonywal zadanie;Eeg Power Delta;Eeg Power Theta;Eeg Power Low Alpha;Eeg Power High Alpha;Eeg Power Low Beta;Eeg Power High Beta;Eeg Power Low Gamma;Eeg Power High Gamma;Attention Level;Meditation Level
0;2033187;208793;80121;26638;38233;76565;13214;22529;53;53
0;46892;21087;75508;27439;12672;11154;4741;3377;47;77
0;732788;133862;11687;11663;10232;17560;4194;4326;44;67
0;308498;54549;15593;20711;31531;26789;2966;4654;63;67
0;889130;269148;272108;32489;23238;31097;10943;14315;34;67
0;228880;244210;208314;35276;20386;34028;15688;21354;30;54
0;234305;605534;120631;118945;30643;52331;14301;11850;17;64
0;841294;64425;13763;7387;10532;15226;18973;3029;8;61
0;1312541;303277;137309;19968;29610;41824;10551;14262;16;51
0;148306;72029;21474;20025;10816;8388;1758;4482;20;44
0;1013899;718819;206430;23017;24492;58603;6914;4330;20;43
0;578199;220593;7088;20392;28361;27378;4886;4372;8;30
0;964299;74663;80216;42891;18676;23934;3233;2116;13;43
0;781635;95251;32165;28102;32064;28077;10378;11308;29;41
0;212751;160363;114837;27321;46391;8332;6231;14406;24;51
0;2074426;141636;122128;38558;43133;14091;3313;20490;14;77
0;1061030;351065;120188;60602;20959;67419;10300;11579;21;64
0;179063;114686;59781;12068;10490;5010;2150;5415;1;67
0;432397;107298;19013;12294;5473;12209;6738;2924;13;56
0;163399;35638;2906;5517;5404;2389;574;990;17;41
0;894099;339351;54574;30312;35543;25587;11303;17332;7;34
0;675512;57011;33214;11266;8349;7479;1457;1994;23;34
0;924452;104192;11428;23227;6372;4692;1699;12102;10;37
0;548715;181576;50752;54856;11382;26185;2568;9118;16;44
0;669225;64631;33400;12802;4712;11984;3410;14258;23;57
0;1516981;78404;21351;21896;10729;4405;1097;867;13;54
0;342234;418366;147640;232517;141758;92633;16968;11648;30;63
0;1361844;76057;111766;104777;306403;122347;24671;10969;30;63
0;1212049;76350;70127;125997;31346;114233;80966;24641;30;63
0;214727;113293;25515;107483;72080;49479;10773;2366;43;66
0;623989;54827;10635;5918;27622;17866;2264;880;43;66
0;558154;27584;13365;7719;16276;8160;1025;973;43;66
0;259286;56412;21884;34735;27462;42126;4539;988;43;66
0;834226;17012;10882;11961;13926;8134;3942;1005;0;0
0;1197383;600636;9859;143341;76030;145327;9678;8366;0;0
0;491243;49681;7967;8840;11221;6663;1895;1865;0;0
0;219939;4810;3949;7753;2801;3707;1150;337;0;0
0;286478;74266;32614;54337;46648;24673;10612;4546;0;0
0;193349;69076;35893;32706;21390;18319;2092;725;0;0
0;2096695;329548;73380;67656;30615;91172;15023;5254;0;0
0;604095;404335;85770;23646;44346;32604;8303;7152;34;51
0;2081504;238581;108883;58056;98606;39082;1693;5120;44;48
0;502860;391907;68310;96063;52961;50788;10573;7858;40;38
0;818107;86948;59088;38486;2896;4364;3582;9054;10;44
0;1355896;167435;58942;68799;31689;30911;13318;26160;21;57
0;643791;462763;144349;27840;9825;38319;8377;30353;17;53
0;272785;47567;4533;1599;1328;2874;6108;5332;13;37
0;375888;386423;38358;19260;18090;21733;16612;22104;24;7
0;1058977;16256;24774;30697;34753;16938;15479;22971;37;11
0;1742859;74669;7070;5836;6449;9638;3902;5103;61;21
0;251093;129676;15530;12330;7284;16928;2492;6157;75;24
0;66502;6747;4384;2240;2772;603;543;449;48;23
0;881007;168177;57973;50269;19155;5244;4008;13850;21;23
0;0;0;0;0;0;0;0;0;-1;-1
0;655972;108383;89530;93775;63910;98266;7590;4543;20;41
0;1497586;108167;16338;9748;3935;7890;1446;787;20;41
0;1005443;540908;122993;153610;66958;14799;11296;5685;20;41
0;656725;273441;17703;63997;95608;54972;16835;6407;20;41
0;629201;87041;2863;25233;15002;31672;6217;2181;35;43
0;411648;75714;77952;20755;22367;27520;12979;1615;56;44
0;722249;54495;117042;89106;30391;45322;13830;11270;88;60
0;1780757;184598;56336;56911;37986;39658;9011;2635;93;57
0;561477;8884;27922;13889;9293;4836;3155;586;78;93
0;534154;18517;28032;3703;11432;4611;1334;1512;69;94
0;1892206;100650;127923;77953;28298;32343;10554;3424;63;93
0;333660;208961;59666;54606;44705;25104;7125;4993;56;93
0;154924;69088;32458;2422;2705;5408;798;1871;48;70
0;759641;22892;2791;6431;611;4388;1372;1463;53;57
0;609074;28691;14863;10680;12826;3584;1683;795;53;57
0;2336873;55112;17964;33358;14799;10699;1366;1694;53;47
0;575615;58037;24467;27910;3130;1914;1227;1333;34;57
0;309744;8745;1255;5520;11846;7197;680;377;34;57
0;277252;36858;6740;7334;3423;2154;1352;473;34;57
0;108054;121977;27737;17492;14144;8858;2675;1525;34;51
0;828300;23539;5032;2459;2313;2912;643;1226;26;47
0;2147379;119200;142677;55019;7769;41893;18330;17108;29;56
0;164369;69809;2560;3327;4619;1472;850;1471;30;27
0;2088067;225777;24070;9773;4103;7705;3870;3044;23;21
0;1379268;95538;66173;31087;44841;27669;5499;7898;30;35
0;1045133;135128;11601;7956;6360;3222;3818;4566;4;7
0;1455419;212186;55086;127241;40343;39115;6916;3708;27;35
0;2169033;13021;4214;11247;12660;6630;2013;839;27;35
0;2001809;586461;81774;57921;39900;47612;9220;18605;37;38
0;1141564;15812;12537;960;8830;2448;1080;1226;27;37
0;2358559;673320;54279;89971;43464;25530;23829;33863;35;41
0;103328;64127;4811;2742;2702;3547;1029;4974;24;17
0;160540;48494;1799;8257;4058;3818;4608;3879;24;16
0;164473;235764;37016;16079;12215;9744;9893;20330;13;4
0;212786;197691;51623;27682;19468;5271;4597;2374;7;11
0;121462;52467;60873;5532;16513;16815;16834;17630;21;38
0;882761;22399;5378;3349;4020;1180;211;109;21;38
0;225783;35638;8806;4681;6137;2565;942;427;21;38
0;1440253;132314;29745;21014;3587;5047;2102;1956;21;38
0;1064694;61886;17634;28896;44528;9829;3052;2987;26;48
0;1561368;194751;72156;46889;19562;45816;9208;3392;26;48
0;648537;96494;72899;24320;11734;9309;3176;8579;30;66
0;931194;394843;243592;62263;25963;36380;11103;27994;47;75
0;783426;1638933;283109;114716;73555;157662;33939;24099;37;57
0;31479;35609;1492;2353;5750;1651;2085;842;26;40
0;1098849;225287;22779;32716;24234;13867;10335;5573;24;21
0;1717410;404383;55397;73062;100103;81472;28067;11053;38;8
0;1791676;423174;46852;67062;128392;80434;13770;10349;47;4
0;551631;241358;6232;17677;23740;11172;4529;3449;44;3
0;2005146;968934;154070;65097;70574;87923;33870;7826;50;3
0;269846;50066;18029;9693;48652;7975;4759;2002;47;4
0;2201517;401684;243952;98207;46141;76827;17786;5479;47;4
0;1059780;65820;146052;44296;10530;20447;7518;2725;47;4
0;1532249;41033;7433;11167;7050;4726;2084;1522;47;4
0;542897;42336;9152;1805;18341;9719;4755;1691;50;1
0;2182606;41848;15400;9048;15074;5049;4079;1552;57;21
0;67069;105541;4844;3228;2976;4382;1563;1260;51;10
0;708165;40331;17356;33986;38790;59225;2462;2861;51;10
0;143631;27949;17857;18031;13712;19871;3585;825;64;20
0;273048;10566;1650;6577;6336;4961;9575;4081;64;20
0;1920443;678077;322187;50193;183441;102048;49311;8584;54;30
0;1574390;68216;45110;59084;56055;13651;7695;5175;57;40
0;276828;44939;49545;14730;4024;7577;3103;1328;64;75
0;300583;66586;64400;14133;39016;5992;3932;3946;64;75
0;1126112;462857;61225;35989;57853;54546;23661;3815;50;60
0;22162;152082;4665;10498;6136;9571;3447;4043;43;41
0;896651;190915;29307;30032;66323;49226;15934;11832;54;24
0;740497;192608;10484;58537;48732;35234;7544;3361;64;4
0;1954767;296013;48659;37044;11312;10245;4554;3360;48;11
0;433685;11105;10921;5740;7659;11392;7998;3997;48;11
0;890529;176862;34867;17604;13515;4656;5523;846;48;11
0;220437;29650;6119;6984;3048;3026;2146;715;50;27
0;731418;359478;38854;70795;9621;25566;6181;3840;50;27
0;244700;5350;5065;10193;5287;2347;1442;831;43;51
0;1665642;31959;21833;3061;3555;5894;1136;717;40;63
0;927183;99576;23311;11931;15016;16165;939;1207;60;63
0;832832;208748;164299;61463;33320;27496;9558;4982;57;74
0;96499;71258;5525;2827;4368;3035;3200;3933;43;43
0;493243;51427;6262;13821;43252;12185;6170;1241;43;43
0;1089372;98386;69551;97568;117435;144848;22032;9872;43;43
0;1669361;150822;17855;46798;71467;89147;10760;2631;43;43
0;1213355;35311;23889;15957;7853;16660;3907;2694;43;43
0;1159662;81773;30750;51193;17342;9782;7664;14596;43;43
0;1024338;700993;138174;169744;53501;68271;37473;46190;43;43
0;279063;26785;2727;4645;1447;1424;357;248;43;43
0;647495;14066;4615;14051;11877;10298;2124;606;57;41
0;1377151;234004;10808;79477;66100;125358;21684;4525;57;41
0;1102998;206462;29798;22103;34118;16365;4200;3314;57;41
0;77820;56171;7868;5299;4085;6873;1922;956;54;37
0;417294;85111;35032;45152;11417;53704;3782;3324;78;30
0;1177895;989516;405908;161973;46074;811519;52368;14090;0;0
0;347105;14891;13609;32749;42478;51806;15252;11682;0;0
0;145601;8326;1195;3826;5297;2888;918;355;0;0
0;1094753;58565;15259;31515;6660;13947;4754;4467;0;0
0;1461116;104964;62779;218544;31431;63280;18707;5630;0;0
0;546920;186374;22895;9650;30191;11318;6869;1196;0;0
0;648135;499418;150415;29357;28008;18464;8796;6394;78;47
0;568303;212234;6469;15498;12744;14902;6066;1750;78;47
0;636552;82307;40715;5648;35074;8944;4790;1593;78;47
0;992716;92163;15597;20678;12509;28624;2346;460;0;0
0;25651;5962;1694;594;1115;5333;3707;259;0;0
0;77421;22617;2031;313;941;945;506;426;0;0
0;619249;97129;52103;69944;90619;32819;9775;1888;0;0
0;149;10;3;2;2;2;1;0;0;0
0;313027;169517;21094;2416;4437;3936;2214;3764;0;0
0;65341;26249;8279;8806;508;2129;2582;5234;0;0
0;254590;46598;8881;1193;2532;939;580;670;0;0
0;298018;363614;30483;38606;5621;30408;3746;11312;0;0
0;1919814;524008;49616;12489;53593;16882;10661;9238;40;30
0;68284;45227;2350;1194;1635;1725;566;748;43;20
0;118940;123947;10967;12505;13091;5136;3009;16982;48;16
0;477226;74339;75387;42048;11600;8531;3844;9399;54;38
0;24386;12591;10323;2290;1200;788;1050;2053;54;63
0;21663;14944;5563;14746;4395;7874;12103;6305;75;90
0;3411;2899;1452;2135;1302;1470;1231;1824;94;100
0;50486;21497;8595;3413;4759;5074;15420;7173;100;91
0;162367;40780;73220;6479;13412;8399;7879;4912;100;96
0;53170;42564;7316;2075;2328;2354;2413;1346;91;81
0;93348;8647;6509;3410;556;1615;2492;1243;78;84
0;9316;11176;738;3379;1450;1582;3779;757;75;84
0;14160;21543;1155;2743;5389;7443;5972;2612;90;56
0;220773;34268;12732;25016;16403;12621;10074;4959;100;67
0;319580;43307;16759;9136;7399;12363;6707;4621;100;57
0;1107485;18823;8073;5006;3460;1748;2004;301;100;64
0;438646;216972;10074;71993;21989;7961;4580;10730;74;77
0;1829604;226634;34664;45718;25680;21316;13751;5856;61;66
0;28949;26015;2209;4276;8116;3661;2909;1214;56;56
0;243745;3605;2720;3465;3712;2487;1040;651;77;57
0;38324;31587;7116;7677;12202;18861;5378;4286;100;54
0;11089;11155;2549;4503;5859;12293;6873;2845;100;53
0;1576315;422413;60178;61543;53212;30786;10950;7362;100;56
0;939396;14948;9558;7523;4278;7866;3438;1958;100;56
0;70095;27731;2464;7753;8794;3131;4182;2591;80;57
0;7717;6613;1888;5320;11109;3504;15290;1792;70;63
0;2335037;1519371;104780;128468;63880;50444;23840;11282;64;57
0;244345;21798;15088;4898;953;4238;924;381;64;57
0;578008;74588;23020;9142;11387;9956;1156;1069;54;51
0;755405;1546560;226974;289700;200453;64061;37829;9742;54;51
0;162576;40968;5310;4333;7670;12950;3152;2629;64;44
0;6859;16660;2238;7529;2521;3138;8044;4814;57;48
0;486684;119614;69115;36588;12302;14790;10052;3710;66;66
0;703097;52043;19126;49244;26648;16925;5805;3836;70;77
0;309284;37900;27519;40036;85568;137785;69403;31791;70;77
0;696098;382601;43506;84559;68520;52042;12766;6440;70;77
0;69685;22228;20739;11681;10092;7846;7384;4227;66;96
0;7469;19240;1962;13785;5191;9829;3880;1286;75;96
0;57702;20340;2863;5823;2332;3945;1254;333;81;88
0;90203;81023;33784;2644;8763;8619;4322;3195;75;80
0;89644;37887;6161;7108;5901;13540;7782;4327;80;63
0;356553;12469;3768;3155;1553;1101;350;176;80;63
0;646612;37575;8038;24456;7366;11758;4195;660;80;63
0;1149902;29246;21873;11185;35507;20876;4639;2690;80;63
0;91412;12593;824;6415;1016;2015;1408;523;80;63
0;3260;990;357;259;150;78;33;17;80;63
0;1591260;69163;9654;34984;17675;16636;7583;657;80;63
0;273826;2457;2999;1788;594;2152;589;183;81;70
0;560604;39142;29411;2004;9159;6733;536;648;81;70
0;167696;16088;2099;1081;3872;7486;4198;1353;81;70
0;598105;198996;100154;43273;36062;25948;6459;2776;81;70
0;3367600;22066;56419;31719;34330;13179;4358;3695;81;70
0;1983387;56038;55355;25904;23871;19192;7332;2094;81;70
0;1399590;72035;27499;39042;34121;48468;9472;10665;81;70
0;2098946;68960;57732;29186;57111;58393;13677;4855;81;70
0;138413;34885;965;8322;11903;7411;2279;214;81;70
0;1932257;35734;24197;9327;6161;9544;2775;1327;81;80
0;939926;243932;143647;25987;120890;114399;8842;7335;93;80
0;2503354;451412;60478;299100;229403;118737;24336;10571;88;88
0;305371;127471;50474;38046;15730;26169;10213;6553;88;88
0;105663;33531;13298;6005;2175;7831;521;951;88;88
0;559054;323123;158964;41963;58272;88015;15389;3056;81;78
0;1559791;120905;99545;127230;13369;40877;15455;12817;80;84
0;2271909;50148;28573;18455;11218;11850;1583;1012;80;84
0;656802;130078;19844;33762;19167;25668;9176;762;74;84
0;132574;15906;5695;5846;4652;2683;559;279;69;87
0;2076484;85515;6528;17032;3842;6667;955;1288;69;87
1;1913507;40636;9660;8911;5225;5234;1038;241;69;87
1;591562;72633;21146;16883;19956;7794;2095;490;61;84
1;1229294;229230;18260;154424;202590;169611;71559;40697;61;84
1;985066;126447;320;12452;7961;3401;1617;589;61;84
1;1632349;82367;39037;16991;35418;33734;14146;4466;61;84
1;1563515;349574;218494;60090;126849;96654;19009;10288;64;74
1;64286;120355;64744;56476;66735;78363;9116;4306;74;77
1;614241;75317;16241;24949;23598;11249;4841;2038;70;74
1;60777;412673;173767;32427;128909;97881;18353;10384;78;70
1;148586;14698;5445;2802;3966;1717;830;334;78;70
1;761995;43611;71937;121575;40203;97337;2835;9841;78;70
1;655458;32567;14730;7207;11845;6693;1564;1638;78;70
1;1139313;204094;73720;33000;84266;50927;10407;9119;78;70
1;874845;1037049;228951;98911;114373;80888;39226;11542;69;64
1;1835640;348890;86017;37027;63363;93260;10322;4998;69;64
1;552869;82641;80282;31131;17917;14557;2173;5639;69;64
1;264725;55860;22366;12919;7939;8331;1914;545;69;64
1;147677;577759;88398;193743;31027;110902;10562;8218;60;64
1;170243;29811;11290;12169;19721;19730;2998;1184;60;64
1;2395838;292164;178433;28369;25231;42906;5567;4996;60;64
1;466390;196675;63734;32600;42254;49119;3358;1211;60;64
1;3707947;362283;90511;176526;70486;138452;37042;27932;69;67
1;172828;72797;33828;5010;12389;10232;973;543;69;67
1;23130;6803;2437;3181;3427;20220;20370;10150;69;67
1;368669;12870;5828;15986;32300;27496;3009;1151;69;67
1;201104;35199;2649;11310;5603;3543;1033;627;61;67
1;1785979;211453;26343;68335;103444;50461;6338;5685;70;66
1;1072018;116648;20967;22762;12086;14955;12877;3679;70;66
1;1503101;16424;6768;3718;6601;7826;1268;399;70;66
1;1338051;172982;19001;139281;55888;80389;15234;5232;77;69
1;1910949;66502;11857;25321;9661;13580;2406;1263;70;67
1;1570233;290244;322312;67566;153549;56306;25434;23555;70;78
1;2846036;905314;150195;224081;56157;51737;18957;17377;57;83
1;353048;394231;54893;97030;52766;92663;5333;8947;54;75
1;1914463;1191575;817795;998308;767602;604128;574117;259820;54;75
1;208048;40326;41425;14885;36629;20859;5657;2735;54;75
1;1493518;581963;417400;76873;178420;156320;54705;71019;54;75
1;359851;23727;3254;4560;2168;5045;1854;420;54;75
1;590308;126125;17367;77819;57844;122854;4943;2620;54;75
1;728519;284947;32381;48976;9872;20796;11506;4554;47;66
1;1831006;55363;56133;31185;5695;18855;1032;1821;47;66
1;995818;118962;68475;76499;69777;49469;22033;13206;53;64
1;1649054;573136;277367;65634;173424;126881;26799;24993;66;66
1;1066098;72914;55243;17446;6281;10659;9299;24595;57;80
1;901570;188929;115385;96111;63127;84249;8038;9441;70;90
1;889853;196784;14059;24130;15919;6660;1274;1002;53;74
1;1552419;55581;52454;35918;15579;17092;1901;1143;53;74
1;635915;21882;12607;5596;4420;10022;1128;579;57;75
1;226027;669761;38219;13810;33990;45826;11879;9451;56;43
1;1188348;235563;23272;41066;166919;36489;4596;2416;56;43
1;136297;8275;1332;3385;3426;685;480;77;56;43
1;759544;102895;30729;26663;23340;13351;3440;1447;48;38
1;242010;184048;48617;20988;31511;25746;6147;2724;48;38
1;1927066;83203;4814;43175;13653;48712;10004;1070;48;38
1;1462615;107740;11735;13735;28394;25966;5626;3866;48;38
1;967755;226222;36379;23645;21587;22186;6476;3505;48;38
1;561602;44846;17831;11332;12411;34476;6471;2046;48;38
1;942740;43539;17426;27704;27959;8808;5847;2297;61;53
1;406866;53638;45623;10478;6936;6064;1167;584;47;60
1;1576462;92610;54724;63228;39657;32366;11859;3965;54;88
1;636528;155012;16515;33991;32513;68017;9761;1208;54;88
1;2120307;457656;67366;185288;39956;79009;12347;3866;57;90
1;490081;75316;64160;21689;28531;28626;4408;1027;63;90
1;1703565;213580;22211;21565;9107;9285;3952;3033;63;90
1;1992122;482893;94920;46010;26140;27923;8733;8966;61;75
1;919266;130625;51311;63202;46296;13584;13670;6660;51;74
1;399916;169701;64201;53673;36689;38642;15218;5944;53;75
1;389208;154221;31361;13941;15956;62068;7201;5073;53;75
1;426865;34221;7257;37904;37929;18704;2988;2192;53;75
1;2142390;53822;50908;122951;50226;44771;6279;8204;53;83
1;1362752;137319;25780;23784;7666;11903;4685;2677;56;87
1;1528627;632382;28053;62375;72634;57250;43171;13156;60;66
1;1721711;123342;18360;21731;14770;16002;25653;11461;56;57
1;378104;70763;7641;55096;45499;20342;9145;3991;53;47
1;317069;194277;67079;31055;32676;55343;6034;6936;53;47
1;453297;40568;13405;16603;6309;8260;2148;597;53;47
1;1579942;43221;72941;11594;16409;38463;6727;1645;53;47
1;2693888;224568;197607;38093;90805;29953;12922;8353;53;47
1;732124;117573;54697;26865;64909;27918;3320;2602;61;48
1;579013;26906;84924;27107;20616;36847;12501;3514;74;78
1;1762330;410871;37987;179630;44226;48324;23909;11969;74;78
1;30661;37501;10002;3296;14009;10648;1518;372;80;75
1;128096;142038;99306;34996;5101;8527;7803;2543;64;83
1;196862;62046;13191;28196;4641;11664;5973;10011;63;88
1;1265408;89897;13142;16414;33884;10036;5525;4170;53;64
1;537105;32454;7085;11384;42080;9329;2689;1001;53;64
1;670731;21062;29039;28984;7185;8309;16238;9868;47;90
1;106588;48235;10465;13559;11901;11496;28455;3521;63;77
1;1586742;344464;15429;11456;10603;11502;2100;2460;50;51
1;854210;378229;44387;46459;131960;17790;28886;4328;43;47
1;968471;1156445;52054;12413;37970;57870;16872;2711;35;4
1;313232;14323;16576;14130;16526;17554;1182;685;35;4
1;1277832;12772;13901;14463;10788;1697;787;281;21;20
1;1070003;67711;24174;53532;70341;70031;19366;5063;48;40
1;598632;55327;28052;29055;6321;13437;29478;6397;60;56
1;226462;22993;23021;2879;11254;6742;3952;1682;69;87
1;349144;20072;8137;3273;11274;3423;3026;806;80;70
1;868838;109336;44800;7888;5353;31950;1794;782;70;70
1;1119949;288618;7589;59922;11549;42744;4227;879;70;56
1;1585362;905103;47976;26627;116428;49323;18681;13464;61;29
1;112759;293648;48693;15285;38686;49914;5006;3521;64;23
1;620618;32633;16633;42194;99879;101952;3509;1870;64;23
1;1134353;46955;11524;7553;9581;7402;3865;611;57;21
1;130377;45219;10049;7484;6297;3820;12174;1526;50;26
1;22694;31972;3950;6130;6184;19357;16084;3314;70;37
1;479009;230303;34418;20547;135765;50610;7834;2997;74;34
1;755366;98144;15517;12098;25125;5669;11298;1683;64;27
1;651368;305440;45489;13584;33932;30405;17933;3507;67;20
1;14106;26132;22207;8803;9355;8145;54640;3665;56;40
1;148931;195189;39836;42871;48604;34563;45297;6475;53;48
1;706479;92883;21546;9346;30978;35582;8259;1057;70;48
1;1382092;103279;12408;17993;7642;21789;3009;1131;77;51
1;139906;2171;2998;2181;617;515;386;77;69;61
1;830700;170778;51713;103350;125058;162565;16437;5862;83;63
1;1133023;63318;25102;36249;25730;13183;53973;4198;74;77
1;476562;94574;17212;50923;64278;9232;32532;5111;64;84
1;1261217;437699;134983;96231;40078;19948;46697;6857;56;67
1;1153842;354766;7030;34913;35462;18207;9995;3832;34;54
1;731423;112225;10884;19515;10239;15476;6166;1839;35;41
1;620040;156989;61510;40526;6382;17096;38424;4431;35;44
1;1687729;486662;313678;177939;299799;172870;12500;6137;53;47
1;1310897;24417;9450;2247;1623;5514;2204;665;53;47
1;510246;39626;30446;16667;15789;7637;2755;1533;53;47
1;2023282;74775;106883;85306;114947;43955;15953;6491;64;69
1;1487989;695000;146588;144349;50012;25173;17779;26388;50;78
1;1355737;85534;62885;34082;47390;42982;15463;6739;61;78
1;678560;502230;202850;184195;186093;95311;81371;9656;56;77
1;2484374;49397;25762;25459;35626;26369;10206;1186;56;77
1;760387;14606;4817;7219;2354;4052;2888;794;56;74
1;1276210;159119;16375;29467;28046;27529;13310;5844;74;64
1;265605;4662;2777;3370;2149;1597;1249;89;67;67
1;817955;105418;14690;7946;7949;9199;5989;1177;64;56
1;447782;342999;21800;16035;26654;14654;42458;7001;51;38
1;1045520;187229;50031;100362;43579;14752;12268;2614;41;51
1;637727;24685;19603;18196;14664;11022;2866;947;41;51
1;1230209;29583;12621;5915;3268;2935;1041;667;41;64
1;560614;252459;32582;9717;18991;7277;14838;4693;37;67
1;950608;453752;76802;61669;33823;63429;30161;10058;44;56
1;2114348;89181;94171;18771;33795;41997;11545;2075;48;54
1;2086505;127705;29515;15324;18529;16433;3905;1110;53;47
1;627871;111760;20337;40592;24495;20146;3197;4784;66;57
1;396963;28538;13489;5823;9154;4356;1767;464;66;57
1;1265677;48686;20761;17683;11662;12795;3659;1016;69;66
1;91652;58141;1571;3306;4478;3981;4335;1759;57;40
1;232103;23611;4885;1242;2200;5154;2469;976;63;35
1;548074;56978;9120;10397;4827;4225;13651;5971;56;30
1;1562104;320965;95191;73216;76647;57003;45667;24208;54;26
1;540552;10488;10435;12372;9206;3319;4174;1110;54;26
1;1648826;398289;209577;35912;25180;14970;9972;3332;44;51
1;617736;25324;5617;3889;3390;1192;1159;119;44;51
1;733686;89566;14109;18024;13788;14962;1787;507;44;51
1;142364;35510;2127;24492;25470;14235;3350;1444;47;57
1;1253595;28409;65898;24567;28253;31126;4869;3195;47;57
1;2836704;36932;17571;22620;11649;6010;11791;2582;50;69
1;640123;66362;20301;5542;2072;13295;24598;2141;51;67
1;224454;31527;15484;5249;2889;6406;2984;1682;66;67
1;543394;101360;9491;8579;30191;16724;12249;1966;63;56
1;2239264;156713;108384;68945;30595;31785;41903;15083;66;56
1;170119;7503;5916;4326;2696;785;790;606;54;69
1;1277504;35611;5059;16001;5529;9167;8241;1866;57;67
1;700843;23985;543;8853;3438;5045;5028;811;56;80
1;83036;30201;2037;3756;1658;1502;3635;627;48;60
1;682092;145318;9979;4252;3710;4463;1766;398;44;30
1;87904;79672;10474;22725;4593;7553;2356;642;37;29
1;1153200;217553;68524;66534;12907;16205;16529;3306;26;37
1;1728465;125375;157442;10540;25797;16331;6592;3974;29;60
1;235151;100685;15532;2502;2074;5964;9438;4045;35;66
1;843379;112562;101742;85557;25857;29400;24343;7227;38;78
1;1008936;45229;16423;2124;8157;2954;8936;892;37;74
1;781969;205516;11147;1772;6297;7724;12880;2815;34;40
1;853710;141316;9684;3216;972;16219;4486;2967;40;30
1;1006113;337058;34033;9671;7953;49971;65624;7061;43;3
1;1068840;193804;149720;87193;113168;152743;44780;9805;43;3
1;9;5;1;1;1;1;1;1;43;3
1;25;14;4;1;0;1;0;0;43;3
1;613547;99163;45308;20395;23487;19509;12656;2475;43;3
1;1734818;17686;6516;4054;4714;4237;2539;1021;43;3
1;684433;21375;22258;9946;13170;6191;2122;1540;53;13
1;1514410;139645;47013;11480;13509;36447;2271;3638;53;13
1;260405;42282;13827;7287;5550;4925;4667;2727;60;38
1;1339255;74018;94946;22581;12621;18190;29600;8876;57;69
1;933711;68613;15690;10695;11450;18819;11578;12410;63;80
1;2178949;79564;45841;37442;25594;42221;61723;29108;70;77
1;36158;22065;14556;14119;10640;64047;24427;5567;93;74
1;2089300;162489;88176;10415;16967;39571;41103;9864;93;61
1;743736;21250;14602;12040;2434;16315;7492;3413;94;74
1;1132699;423544;14063;21885;21038;50614;63481;15236;83;48
1;1423176;1010250;139616;23915;43131;57697;63708;19363;56;37
1;870666;911977;58326;16068;30363;14095;79051;6818;35;16
1;1108940;15627;7848;14813;7128;14629;14323;6060;37;14
1;514282;605235;24761;25350;21603;35154;32568;14022;29;14
1;732180;79401;57287;9728;28363;20131;6493;2191;38;30
1;1344360;184718;47129;13942;27830;39604;3832;1411;60;44
1;677513;175781;423000;135322;42685;56092;32956;10553;44;56
1;1228829;289880;36415;25225;26378;90759;8917;5223;44;56
1;465163;325780;22375;9268;8272;10672;9985;3384;40;60
1;600220;18318;12312;2122;3202;4992;5748;1133;41;60
1;234129;222885;6176;25431;9137;9619;8413;2656;29;53
1;1785287;28336;12900;11653;1620;4420;3388;1674;30;40
1;1854057;493296;92086;28262;70352;41725;13806;7301;30;40
1;906243;164617;120706;117879;63930;234187;9189;6359;56;57
1;626761;31247;19358;9631;6032;6860;2182;986;56;57
1;1183911;277650;5085;35136;13252;12096;6589;776;43;40
1;92927;9289;1609;3983;1300;740;164;95;43;40
1;1023031;423978;43475;39318;26189;28546;52459;17896;47;43
1;780789;176025;30873;54609;46455;42463;7330;1296;51;35
1;1348835;47544;13727;5541;4463;4211;1153;530;51;35
1;155255;97386;69916;13639;10286;9430;17284;3620;30;38
1;614123;143715;42791;18395;22648;16996;2148;7160;38;50
1;799953;48785;6979;5288;8826;4383;1086;1309;41;50
1;1942676;349285;61769;63110;14436;49756;24880;40023;38;51
1;450915;204068;34791;41021;12902;16325;12864;4705;38;41
1;211981;19965;2296;1983;1538;497;868;407;26;37
1;66332;28807;6103;2321;1103;3707;4493;433;29;41
1;754576;349154;87212;63156;30843;16140;8051;2176;17;43
1;2323596;783726;88096;24596;27903;58563;83011;10007;20;30
1;2019897;113903;64766;45145;26240;12165;6115;6743;20;30
1;707466;37609;17619;3812;8572;15238;7024;2121;41;37
1;472546;18001;8344;7607;9824;8883;4884;1049;50;44
1;1688326;514022;152027;73826;101081;68480;41387;9403;57;43
1;1025678;155766;6133;5739;5574;16996;4578;913;57;43
1;343717;64841;10313;33156;45692;13252;9401;2058;63;53
1;1180962;460563;451013;11173;212060;72680;19927;5800;53;61
1;453587;147791;7579;14482;5951;6539;11179;6779;37;47
1;713973;137503;72820;19210;24940;19964;10647;4409;35;51
1;201767;40162;25389;2195;4594;5587;3727;1776;30;57
1;140577;163446;36708;6035;20399;10962;17120;3966;27;44
1;669981;54372;26199;5011;2886;8267;10437;4791;37;60
1;2071318;100736;6879;23323;8940;5061;29127;3106;29;51
1;616261;15583;880;13495;4565;4370;5639;1237;37;54
1;574005;264730;31996;18973;29043;20198;22068;4401;38;50
1;1472079;84102;11879;18208;20152;7597;9986;4987;35;43
1;1283114;104290;25186;46679;20339;58404;43461;25660;54;48
1;753705;282912;7107;40693;65502;11064;14494;6989;41;29
1;1509601;91184;20048;29944;13667;19192;27794;1506;48;40
1;1220386;80409;80408;29930;43833;30309;16728;2831;54;51
1;1642616;105734;56593;34866;12786;24473;43218;31408;44;57
1;1742944;204944;8026;17003;20931;17308;81975;6766;51;54
1;1073834;229293;43939;25364;19100;22742;77223;11628;47;50
1;242585;26312;23712;15604;6086;6713;6613;2629;41;53
1;266971;49249;26943;12410;11087;11103;9924;2616;43;51
1;284921;203148;109109;16353;20711;50116;9480;4076;50;67
1;672034;343305;53799;42086;161749;52465;20772;791;53;63
1;921185;70458;37721;12371;9089;10901;11376;954;51;56
1;768864;209760;137802;55014;124578;19838;16384;2052;43;56
1;1102668;15380;5748;8880;1473;1721;1137;384;35;61
1;1337533;458462;235450;24712;73487;26615;53369;10462;26;75
1;593777;54563;3100;5333;1168;5122;2320;1147;24;60
1;1016678;224118;19827;35654;10095;9142;19108;3748;21;50
1;564200;362222;22086;14183;56523;47827;101812;25035;27;23
1;226799;199986;21407;8748;17498;18638;16664;5270;35;8
1;381572;7562;2737;2868;3491;980;996;165;35;20
1;2189738;62575;41225;12357;16603;5832;5410;1637;38;34
1;2366253;209156;343937;13709;33633;27952;36943;11147;29;64
1;1213312;453706;19859;12158;20650;26316;23056;10495;26;56
1;213986;24985;3551;1557;1191;2937;1891;693;27;44
1;286984;185716;51455;27392;26596;30289;115521;30569;35;37
1;2023436;721378;33701;87108;104444;18190;49719;16777;27;13
1;786482;296734;30826;35680;8929;12726;8400;1776;24;27
1;521539;7614;3173;1427;1591;1097;1331;381;24;27
1;896940;146263;25194;9220;8295;5228;24074;8771;14;30
1;2832951;314702;65617;63339;77551;47610;17165;3861;14;29
1;613390;23223;5419;2094;2629;1747;5254;601;14;29
1;1377072;82266;10939;30692;14904;19428;19924;12024;30;40
1;1920998;408975;260112;23533;77874;51183;28126;27121;38;50
1;816982;253092;16642;24448;20442;9923;10191;4627;38;44
1;3356705;457177;21184;140344;19495;21620;8286;3668;27;44
1;1869391;75686;27835;69472;47188;107333;25586;5830;27;44
1;747386;184978;183703;194291;133291;42551;50237;7567;23;56
1;84339;11138;1071;2311;614;463;354;71;23;56
0;679024;210594;31288;22150;4280;17430;15936;6250;21;47
0;1796063;268840;81689;31306;25148;16851;10395;3371;24;56
0;1865160;84393;49889;78147;4505;37262;10675;2053;41;70
0;555586;44641;32202;21527;39109;23709;2797;774;41;70
0;927605;31394;7248;7852;3458;2178;602;385;41;70
0;1262126;402164;200310;145444;100506;51141;13283;4328;41;64
0;595997;110314;11026;28388;20341;11923;4696;1209;43;66
0;425453;63729;15588;5447;1223;5709;1338;620;43;66
0;1834344;155485;118363;16270;10379;29275;14881;3641;50;77
0;604208;97062;86814;41991;12359;56991;3862;1755;50;77
0;137650;4379;757;1624;959;657;149;127;50;77
0;2039271;382231;184455;75196;27449;28016;7187;1110;37;69
0;509546;88992;45352;11556;14634;8675;718;468;37;67
0;753813;195409;41532;12497;17825;12989;2708;2219;30;66
0;568892;36872;15730;8551;6715;3093;938;312;26;61
0;338127;61246;25206;21852;12085;14698;10097;2909;37;61
0;529859;89382;29819;26386;4522;11285;2972;946;38;61
0;1001514;265087;52409;101402;5937;12185;4851;1568;35;70
0;1784468;405273;29306;271882;86294;139707;31057;30208;35;70
0;1799109;344059;41136;89497;41085;21048;10039;3753;34;66
0;177569;18103;7039;6169;3218;1234;944;376;21;66
0;630617;46796;68600;33385;44989;20433;4168;2208;24;74
0;823938;83562;18214;30332;12171;35543;2426;597;24;74
0;1716004;279750;45128;67368;28416;8548;3741;2297;23;67
0;345859;122016;58307;46297;22025;18144;9217;7141;27;75
0;764346;352297;36792;96091;40640;38921;13007;8353;35;69
0;301017;20487;6602;2905;2333;816;234;214;35;69
0;537473;253359;16734;15307;15356;17957;7861;874;29;47
0;319883;40600;8893;13547;22727;14716;922;724;29;47
0;829828;126270;87694;7796;18659;11307;4298;942;37;51
0;624654;240518;205572;131984;313139;436025;69034;12884;56;43
0;539869;3452;7761;1249;2223;1120;531;220;56;60
0;704569;635659;191371;85698;123952;156752;8166;11563;56;60
0;1190346;179386;85320;87795;80580;59609;11164;5457;66;78
0;888114;6950;2514;4515;4003;8740;1832;319;66;78
0;246071;30403;4694;5813;3204;1469;826;234;63;69
0;1061499;589859;297341;59181;61787;39075;9594;2058;37;75
0;1710419;303940;54883;21964;30262;14110;1758;4967;27;54
0;230396;19708;5153;3563;9321;16587;4295;830;40;41
0;157283;70177;827;5732;10076;7978;7490;864;50;26
0;523005;426973;70779;33417;47615;15445;21899;1563;47;16
0;1005135;78029;18222;28042;25910;23699;8832;3017;60;21
0;756225;115919;7808;18736;10993;21916;3395;1773;48;20
0;172249;22536;2489;2496;2413;643;286;214;35;29
0;683970;102831;46931;14718;24119;13417;3601;2438;43;40
0;111499;3038;1334;5529;853;2125;552;56;47;53
0;607788;50250;13564;9411;9705;4334;2173;448;38;61
0;568073;8425;3454;634;1429;1450;209;168;38;61
0;553628;186422;34427;14933;19689;6860;2767;883;40;64
0;788058;26533;3240;6545;4735;6788;2633;1084;48;57
0;132437;40148;15847;5846;9412;4672;4075;638;38;44
0;128009;43499;23864;5202;10139;3364;1977;1135;38;44
0;560489;42114;23510;869;14008;17568;8609;657;38;44
0;1537910;70456;18148;10895;23518;11813;2041;2017;38;44
0;627660;119221;18008;44419;38746;21032;16920;16462;38;44
0;1398505;953673;272492;452694;222373;237092;45200;12631;44;50
0;647823;117946;68213;15404;18524;14110;3184;1166;53;60
0;1686816;147544;117172;43355;15637;38595;15044;2550;53;60
0;1501903;194720;47357;61047;16314;94999;7521;4374;53;60
0;535702;48357;73813;26775;10100;13960;10961;6085;53;60
0;2239;3312;3064;3704;3449;3155;1491;603;53;60
0;4318;12174;9133;15130;10501;2806;221;339;53;60
0;1767447;59134;51298;36221;52952;54518;41925;8739;53;60
0;683064;137529;11571;5015;6395;5590;1266;710;38;50
0;930319;24692;14473;12009;10736;10740;3098;1407;47;54
0;234251;13127;10682;2559;5764;4533;1673;635;48;54
0;1277041;290282;87979;239068;97192;384334;44028;6789;66;51
0;63979;24087;2103;5494;3908;3466;1065;736;66;51
0;1028317;190078;10233;12148;35792;29355;24046;3539;80;48
0;523928;18292;8128;3233;2083;1282;359;514;66;48
0;21883;14801;2514;5556;1604;1418;967;880;57;44
0;485484;265453;70449;5853;29284;11017;8204;2173;30;40
0;205744;8876;3988;4608;4880;2779;1513;1078;30;40
0;111048;19781;14686;12614;1714;3791;1478;455;30;40
0;654247;87505;110289;14063;16769;12035;10785;5274;23;69
0;1342882;84473;5438;6092;9323;13974;3678;782;34;50
0;1772992;280910;19372;37641;36842;19875;5729;2745;34;50
0;59367;36764;45357;30746;14458;16954;5090;1544;34;50
0;1189160;102215;25972;30100;6632;16575;11749;2032;38;50
0;859826;45834;40671;24744;23155;8058;2985;470;38;50
0;976026;21058;8076;18028;17050;5679;3035;1990;51;60
0;287482;75661;42594;12854;8889;5599;5739;2929;48;53
0;52793;42183;9285;5962;1413;2883;945;216;38;64
0;474885;234577;21071;25951;17577;17010;2591;2796;30;54
0;839650;65366;73656;21866;8884;6397;3621;1169;21;61
0;187154;215235;16958;2496;2725;4025;1517;522;14;40
0;18089;5351;4537;3136;1340;1848;634;597;24;51
0;161097;47524;10415;2711;3697;4334;1221;601;26;54
0;91033;21929;10060;12102;5182;3660;1910;297;34;48
0;304332;100415;19706;1629;7538;9898;3804;2172;48;56
0;68677;43328;9976;7663;5759;3063;1127;867;38;47
0;6971;1732;510;1134;1220;788;624;457;48;53
0;14158;41764;5800;8715;2484;4701;5749;1447;48;47
0;194743;21968;5505;8499;9335;4406;1429;340;51;54
0;2303;1745;299;700;1097;555;1230;351;64;53
0;21138;14164;5238;12594;5663;5091;1745;2329;61;57
0;24342;17451;3864;574;1464;976;457;215;54;54
0;85175;69990;41166;3510;4668;5378;1450;2363;47;57
0;16424;27240;4139;840;1751;1696;884;357;35;51
0;6262;3400;226;964;717;431;547;683;30;40
0;6527;5802;2897;10128;4931;3907;3391;2127;44;54
0;4106;6391;1688;1008;1450;1537;386;463;54;48
0;25977;6038;6784;3751;2658;1079;1688;3113;56;69
0;17755;21654;728;490;931;1676;655;1012;54;51
0;15272;92265;22006;8536;6623;3883;3078;2964;38;38
0;22173;47625;797;3051;2573;1625;716;405;23;24
0;44703;39147;11728;4362;5698;2717;1131;2081;20;11
0;6374;18473;3539;1108;742;4448;2456;235;27;27
0;399370;240944;35673;20430;7739;14347;4206;1186;30;23
0;33621;44197;16742;2207;2314;1291;957;464;27;41
0;2003959;297166;83973;18869;33003;25438;19358;3962;29;40
0;8594;9386;9323;2186;12164;6577;2834;1470;35;48
0;4166;6059;1052;2320;3072;3354;1502;390;51;51
0;20097;43836;5319;5307;3076;3089;8926;1354;61;43
0;60447;55396;19133;2201;8803;6954;4342;2464;64;43
0;292000;53972;16336;6203;10137;8116;9919;1960;54;41
0;49553;22645;3719;4800;9531;8426;1092;666;53;38
0;2026118;35137;26003;31144;8833;4703;2981;2356;53;57
0;574512;7067;4967;26976;23437;30182;2106;220;70;64
0;184141;5481;906;714;2212;935;333;250;75;57
0;2211275;213998;242057;72894;328330;166693;21531;4168;75;57
0;605246;13873;3631;2968;818;1767;671;423;75;57
0;1284481;57365;35504;106740;102296;152012;3156;8939;75;57
0;444450;137830;70507;71698;44391;113823;8020;4056;75;57
0;773127;33538;5273;3467;3854;1372;642;433;75;57
0;2269529;263464;20086;22491;35166;18514;11231;7953;61;53
0;106951;8733;5263;5397;392;553;739;204;54;51
0;1496275;974103;5578;51894;144268;72639;8575;14166;34;24
0;114509;95459;15633;4470;2371;9520;21157;1515;29;26
0;2401500;1550329;224704;217368;158716;79855;9848;4941;24;34
0;404529;77036;8616;34543;14710;6191;859;1355;29;24
0;2653015;387546;35035;80077;19931;54260;19371;8251;34;43
0;68026;19081;8059;1605;8661;3860;3777;1048;38;50
0;174022;12025;6671;3645;1614;1534;713;159;43;61
0;62750;14103;1809;2426;859;763;190;76;43;61
0;570581;57464;10417;30432;55815;16972;6450;4369;43;61
0;2815886;98957;27887;26419;29804;21952;3076;1779;43;61
1;729055;111408;72088;52544;26981;27287;6545;1527;50;67
1;1778260;137702;21571;14583;10089;21019;4384;2420;51;64
1;888359;206822;141205;93487;30185;23619;8364;8837;43;78
1;1153612;300637;33981;164536;142882;123670;11793;11454;54;69
1;345329;46389;16095;4733;43057;14866;15958;4914;61;54
1;629969;542703;135046;26855;27732;28933;12313;6091;51;56
1;1397007;607794;118100;297353;225119;165753;96702;33639;61;48
1;800880;215707;53752;19431;22828;29627;9236;1749;53;43
1;441933;190692;18605;27948;10398;9269;3045;908;40;44
1;408187;131929;67217;9621;40528;15317;26062;1781;43;50
1;86154;16306;1932;4244;4186;4234;1228;642;47;44
1;791251;189461;25276;8453;9450;5303;2578;668;34;41
1;6640;17588;5776;3276;8580;11626;6987;3509;53;41
1;14663;23874;16616;4813;5639;2893;11422;2544;51;47
1;88984;106741;62987;26552;21059;2998;9527;1936;29;56
1;2721;6785;5058;3962;679;419;7192;2054;29;78
1;103104;37039;4508;3615;10626;7075;7833;580;21;74
1;552204;648926;16403;20811;21203;21652;7754;1858;14;44
1;2090835;93665;56634;14569;3117;2523;8344;5233;13;47
1;145295;17211;832;1195;1409;889;716;149;17;20
1;98400;13939;1986;3376;1973;1592;3743;274;13;27
1;13214;12498;11128;7422;2933;10706;21324;2784;34;57
1;8888;14581;11067;8523;4640;4649;17587;3614;53;60
1;667962;431666;27598;30323;126846;69017;28000;4535;64;57
1;449813;2683;4610;1660;1533;505;374;146;61;75
1;680793;100421;70016;17284;37324;5037;2174;897;40;74
1;767315;26373;4147;2536;3228;3384;8306;1179;37;56
1;49940;22687;8716;10698;4153;7348;21252;3797;38;75
1;13574;10765;11950;2674;4759;5737;20966;16093;50;67
1;33456;40577;11443;10820;5446;11050;17344;8730;66;63
1;64359;4553;260;2017;1342;1422;1068;234;74;67
1;118468;33119;3423;6285;1627;1253;877;365;56;60
1;2734832;376858;28122;25877;15229;16704;18728;5304;41;41
1;716037;84256;81637;3571;12768;6763;5437;2192;29;50
1;1985266;251799;18669;58360;30719;26358;3552;1105;20;48
1;1611861;574374;135681;31437;25268;11277;7500;8218;14;48
1;2290805;93534;11257;28203;11388;17243;3452;2579;24;57
1;146400;40521;9595;21504;6420;10207;2181;2302;35;54
1;488581;24771;10524;7043;2587;1102;444;246;35;54
1;69863;9944;11115;8235;1447;2379;1705;888;37;75
1;252074;33197;5767;6361;1713;2243;5180;638;47;75
1;35989;33389;2042;4887;5449;11268;18187;2287;64;78
1;517631;78319;21636;15184;13703;7909;2066;1532;63;44
1;675223;18256;6058;8151;10151;7690;848;367;77;48
1;1314917;39985;17889;17165;26232;13557;1593;629;69;50
1;391990;53841;3597;5958;4911;3023;952;682;51;50
1;277556;4235;2119;2086;2108;1214;1144;197;57;56
1;228853;49846;10832;4656;9146;10514;19323;1651;54;50
1;32811;14815;2251;6968;2124;4280;5287;2029;54;50
1;87651;75721;10957;36274;23143;14813;18681;3101;63;61
1;836318;103435;62455;71255;24844;5710;3730;2611;48;67
1;159924;72843;8618;26347;9434;8219;17341;4947;41;75
1;13088;18391;8629;6858;1646;11287;3993;2666;47;75
1;112316;74733;25105;1744;13180;6374;2205;761;41;70
1;1094887;105138;32857;29325;18726;12269;3177;1566;50;63
1;915423;26904;17976;10653;10723;6170;919;527;50;63
1;214994;33461;2370;4080;4363;9022;467;481;60;50
1;1852971;132452;129511;163692;288903;160240;19220;3783;60;50
1;298036;159973;75721;73910;54633;65301;7222;1713;60;50
1;1511950;1271386;224003;167279;82686;146547;15402;5668;48;43
1;2039566;260752;69628;23419;31951;20489;32022;6183;48;43
1;1545803;105178;33675;34423;51476;13103;2895;1221;50;41
1;529171;193859;22865;14280;7037;6152;5235;379;29;47
1;407230;124908;2720;12714;5549;2941;2687;1040;16;37
1;88941;10583;3115;3753;2022;1336;255;147;16;37
1;683662;64249;37498;89407;36927;120078;6110;4418;38;44
1;922351;194504;61761;87923;128696;29918;8735;3231;40;44
1;393517;70042;19510;9919;9784;7018;1305;1786;48;51
1;188575;50074;35577;28905;30490;39030;2925;536;74;69
1;1129412;28573;22493;30739;27218;9333;3427;682;57;74
1;1524499;88881;35104;5425;62340;30250;16982;4703;66;64
1;1661125;122386;9846;127167;21841;57735;10183;3359;78;70
1;291893;840912;119598;87451;46481;161353;7618;3034;69;60
1;210824;492076;32794;67086;40203;7769;4915;1860;50;41
1;1739452;189608;23840;29800;29749;10330;2631;1769;50;41
1;427253;166465;9942;35174;43467;30426;4650;1164;47;41
1;1203856;33970;96092;34757;33530;11188;3251;1663;47;41
1;280526;13800;3190;5157;2025;3359;349;120;43;37
1;675075;94428;15196;11787;4925;12498;3132;1605;43;37
1;465855;83581;3609;6633;10174;2944;1269;538;43;37
1;2674097;416784;132209;16703;24493;29527;7324;2972;35;43
1;1510244;269213;109878;29723;197270;64965;14195;10256;35;43
1;1436106;145968;41157;69587;29875;19555;6499;1401;50;57
1;1317414;2413719;142594;156276;172805;66464;27943;7127;35;51
1;682660;90065;22215;7914;14329;10784;968;861;27;44
1;958263;53020;11365;10008;7645;12208;2210;1296;38;43
1;1600778;53133;119893;115990;215829;117024;12217;7372;38;43
1;81286;15090;9651;5768;21313;4297;1825;423;38;43
1;560031;37060;33979;13996;15042;3290;1117;460;30;48
1;1193716;27951;9170;21935;22546;17480;1713;1488;53;63
1;1139691;50309;16515;26651;7565;10346;2573;926;53;63
1;705925;78084;4590;14346;6375;3599;1870;929;47;61
1;339434;95730;5721;28577;10781;30701;7023;669;50;60
1;150660;50669;24897;9703;10277;5213;2721;1074;54;54
1;561339;213706;96457;148520;32609;23594;11132;4160;40;61
1;666939;59707;49958;32658;43273;15140;10464;2526;48;75
1;723090;129527;58426;33190;32330;26606;8571;1907;48;75
1;1364730;161368;44853;51562;86246;88482;4860;6016;48;75
1;636550;28777;4513;6405;2567;1945;625;365;48;75
1;1502261;727236;814835;832562;655693;259332;52535;11951;48;75
1;869057;286687;64597;28394;19644;10294;4289;3347;29;77
1;1308761;81106;126666;44712;19646;14099;4061;4532;27;88
1;1038344;248231;18866;11615;50591;18805;7604;5001;29;63
1;709412;11931;7811;8118;5844;1734;1001;883;29;63
1;594217;63004;26888;14686;3229;7242;2897;533;26;61
1;1184031;207857;22658;25550;24777;21645;4326;499;37;54
1;601327;19927;43347;10918;2571;7048;1135;816;41;57
1;508256;128387;13045;5461;18068;11393;3756;966;43;61
1;33819;82588;18387;3918;6301;2712;2721;2067;34;50
1;746398;89698;17943;23414;19745;16608;3639;1548;38;57
1;297086;94430;5312;3627;17367;9502;2740;682;38;20
1;2296268;2155611;40097;88014;65538;96397;9783;9819;34;11
1;1103236;67742;15962;62636;32796;29218;6393;8418;51;23
1;326822;40061;13742;36002;20656;4958;4941;786;43;30
1;534914;91724;38064;21757;13674;7942;7534;2403;38;54
1;517027;23320;8253;4760;4725;3582;1140;503;38;54
1;2271771;118704;10271;11400;9285;7396;3691;567;38;54
1;1659058;451708;34762;77644;182150;222461;11902;14241;57;63
1;165287;74683;52763;63382;30198;22320;19175;3862;51;67
1;337779;52501;7088;2401;2950;2740;2712;529;50;51
1;779919;140194;19344;11040;29670;30972;7040;3095;60;37
1;988575;50276;62137;52343;47484;9290;5838;1693;43;60
1;1707981;115597;10293;22982;4901;5063;1789;1289;43;60
1;722819;240550;7299;33565;12552;3950;1869;1274;24;40
1;1799797;57757;23243;28094;5350;3476;2277;492;23;56
1;1769750;1204773;14269;29332;77409;87003;17235;7739;13;43
1;1403660;19031;14875;8580;5969;2379;2551;429;13;41
1;319094;28912;4901;9029;4187;6896;2049;254;13;41
1;1210171;407701;209806;271628;100186;119912;17083;12057;34;61
1;376269;46186;67983;88826;25534;39237;11416;2700;34;61
1;822420;43732;49023;32653;21196;12990;9457;2122;34;61
1;31930;11003;6801;15908;6390;6638;839;142;48;64
1;1062507;417841;111189;15301;34606;104536;7862;5259;56;84
1;2937721;622848;168746;61786;60184;45426;12052;7434;56;75
1;590096;15482;8297;24334;52014;24668;3774;4201;69;67
1;144003;10728;7019;1778;4411;3045;825;575;67;60
1;1876520;88997;14587;32112;26766;19126;3024;1131;66;64
1;602568;29695;10127;3183;3281;2099;813;267;66;64
1;692304;289418;57635;23295;50608;14080;6176;1880;63;60
1;790286;184654;55262;8953;38172;52426;27739;10031;63;60
1;1246635;131817;30191;17554;12197;18190;2312;1309;48;57
1;66137;26912;16853;10596;4171;5438;1332;437;48;57
1;611836;207506;275489;195553;76862;147808;19701;5095;48;57
1;3184175;502555;57653;121263;55532;93893;8452;4539;47;53
1;2134888;680580;246745;269093;236210;209014;20411;6970;48;56
1;640658;23582;13284;34910;12072;16195;2341;1000;64;69
1;341581;273307;32059;64010;52027;18265;7036;2522;57;69
1;2276475;96378;154091;30182;54713;87429;7188;2132;57;69
1;882706;46075;15293;5542;9192;16206;1950;759;63;69
1;1401842;278136;6713;38127;95586;36133;10314;3667;60;56
1;1900294;383580;118609;45985;84706;186121;15873;4672;61;43
1;1330500;315283;171406;982503;663315;820983;41220;68316;83;51
1;621696;42534;7171;12438;10196;11973;3643;1642;83;51
1;553025;22680;13314;13662;34485;21426;1965;608;90;53
1;415394;40704;14234;11480;2837;9932;1961;701;90;53
1;879364;179801;9146;22904;73766;88740;61769;27077;90;53
1;132349;13413;3988;3950;4503;2502;8750;5063;90;53
1;1061850;354230;351412;143118;276098;242106;45086;17485;90;53
1;1519551;44406;6662;34541;40808;25366;2428;1566;90;53
1;1619644;723784;120185;96735;204345;59510;23439;7992;90;53
1;1481992;60612;6061;42684;31580;13035;2410;973;90;53
1;183810;108670;85958;40659;4536;8195;4435;1649;90;53
1;136564;79340;41477;38326;39959;26184;6089;1288;93;69
1;48863;14564;1631;6118;4512;2070;1022;611;83;74
1;67654;10321;30763;8135;12953;23835;2923;1174;83;74
1;1008209;47227;19573;21922;20225;22369;3843;1465;75;70
1;73750;64264;5023;3558;9730;4804;2013;442;60;60
1;159855;7649;3804;4660;3657;1876;444;169;60;60
1;1194321;96487;6067;13577;13776;19988;2500;1187;60;47
1;676050;88802;24189;16933;19613;17004;4412;2265;61;44
1;57585;37471;6161;2413;7277;6031;2344;182;61;44
1;1281436;67328;39918;43718;113222;64654;20299;4975;61;44
1;200083;219173;6969;55649;16854;16888;4492;9079;61;44
1;1295036;345238;251211;41795;56180;161353;36726;7950;61;44
1;324915;24393;8762;5063;2134;6583;959;439;61;44
1;1216755;87751;27454;95684;70889;94726;6149;3595;61;44
1;41712;15687;3014;1206;5734;2288;264;175;66;50
1;2008359;222695;60754;6210;77284;47462;30208;4906;66;50
1;1111851;137152;16150;9134;5720;6976;2702;1083;66;50
1;1891895;753831;453100;170040;74740;210998;27003;10836;0;0
1;97923;7675;7871;781;738;676;708;887;0;0
1;996480;80343;16992;31128;28924;23426;3595;5288;0;0
1;355507;32757;8786;7813;30670;10395;2408;629;0;0
1;215692;24098;6606;3913;9646;18742;11647;3704;0;0
1;589161;48859;14532;5800;15518;8339;3529;611;0;0
1;134587;166564;3069;6750;12711;14373;3546;774;61;44
1;1198312;52033;8016;4515;6836;2855;2690;2566;50;41
1;1541138;75787;48219;58360;42701;21020;4714;2564;50;41
1;888000;119672;74028;20729;17430;21191;4943;4353;41;41
1;430437;277416;55623;59946;69633;13343;12694;12621;27;47
1;204370;27979;3494;1802;1366;518;262;170;27;47
1;86387;61315;16117;10256;17432;6258;8124;4569;27;47
1;374491;419520;16219;26835;50104;21219;10197;2191;20;50
1;662397;378539;48985;126109;128127;57361;33467;7579;20;50
1;386330;41123;3749;38030;18771;28985;18753;6717;20;50
1;313165;57166;37984;19845;28397;12046;3097;654;20;50
1;200004;11110;7859;18506;17125;4722;1783;543;20;50
1;1069552;28472;8566;11416;7083;12483;1782;907;43;56
1;1130144;143993;103675;28089;23707;21763;4478;1911;40;57
1;2438098;841177;605605;323696;126735;171902;30205;10414;53;63
1;490598;91577;67797;12785;25468;11367;3132;1172;57;78
1;351323;610795;59048;59925;55482;63463;7943;4773;43;70
1;231063;68564;2843;22561;11361;7960;2841;1180;47;64
1;1728463;552293;165241;15742;57198;34193;5644;8977;37;56
1;112611;15220;35896;19141;4624;7082;8878;8384;41;64
1;707595;24567;9798;11335;2120;3425;609;817;41;64
1;1216080;109085;2231;52984;47514;44458;11337;1878;54;67
1;496540;292977;101662;104840;46233;51758;12049;12579;56;74
1;343364;45331;27520;11441;6823;9746;4256;11265;67;78
1;582224;106439;34708;50940;22077;8125;20147;17406;67;78
1;139;52;39;23;10;7;4;2;67;78
1;36;8;8;4;11;4;1;2;67;78
1;17842;5265;3852;1903;1552;870;382;577;66;69
1;257396;40043;11157;12993;12344;15637;8767;6198;66;70
1;641202;128533;37840;40435;59297;39970;2954;1617;66;70
1;41260;177469;7612;24852;30052;17041;2209;925;64;63
1;1765182;257191;30584;60638;71697;65535;37770;21868;64;63
1;450049;229141;145798;61114;27951;74175;36758;13543;70;63
1;709728;1396332;281489;316868;297157;389456;72148;7912;81;56
1;340853;39965;2826;4190;4883;1978;816;866;57;51
1;229435;52010;8819;32892;7371;5521;8173;5844;51;61
1;85709;23094;4973;3751;4170;1768;1915;1262;37;56
1;815638;51581;13422;5903;3596;2707;729;384;37;56
1;159845;13630;10314;5480;1717;3501;2880;431;37;56
1;400967;35653;31292;40154;27270;9842;12590;3982;26;64
1;155967;21118;3042;1155;1902;726;608;847;21;66
1;308097;101094;18040;12737;19790;7344;9015;5935;20;60
1;605740;34405;12479;4378;8024;4569;322;306;26;61
1;169844;38826;16107;29725;13596;24325;6590;1457;41;57
1;556337;30506;7238;2890;2534;1407;663;348;41;57
1;957839;28744;10952;6336;5024;1679;1415;573;44;64
1;590063;181731;60802;62963;40479;26237;9027;3294;51;69
1;122237;6011;5640;8362;11419;10963;5003;1354;51;69
1;408572;30752;6520;5010;1544;868;1031;482;51;69
1;397201;89024;5250;18874;12997;5577;1232;1009;43;66
1;2468887;439599;491655;99691;113744;121958;41057;37596;43;66
1;206048;23445;9633;15349;25834;36054;10609;864;43;66
1;692376;61669;10324;12059;3751;6214;3365;1445;43;66
1;1828271;331709;54863;110327;212404;86270;12216;7503;43;66
1;712494;18175;2026;8555;5622;2787;1144;742;27;63
1;797994;123323;35284;17303;25886;9084;1771;1027;27;63
1;470976;209867;65563;113001;134323;56859;25505;12072;47;61
1;511351;393237;222079;206146;70794;54112;8527;4581;47;61
1;1080851;89058;162778;125956;24785;50270;3750;1168;53;69
1;1422901;36552;7855;12034;6896;5434;1317;1259;61;75
1;1465296;330775;49225;14816;23157;17380;4074;2826;53;69
1;403562;45408;20796;8737;8635;2793;1844;432;34;70
1;59605;12134;1138;1929;1149;1544;1141;564;29;56
1;648641;163017;16600;28941;15020;5121;4207;731;13;51
1;2;6;1;1;0;1;0;0;13;51
1;65;7;8;3;3;0;0;0;13;51
0;759872;142577;25740;12947;7264;6663;21277;4669;10;54
0;330479;212517;6017;6879;4545;11741;3392;1448;16;38
0;661909;240186;207052;111042;93069;203496;23259;9469;16;38
0;1614742;248410;183021;121542;105157;76690;21490;7407;20;48
0;540522;16456;16236;2393;1740;2237;469;117;30;57
0;903053;22688;4025;5896;4526;2317;975;669;40;60
0;729389;66576;20269;30487;14087;9423;1192;551;40;60
0;1386702;33287;13660;36930;30976;14172;12151;34223;0;0
0;121902;26141;2579;1410;2331;577;261;262;0;0
0;889176;11413;6722;3331;9127;2076;429;262;0;0
0;2108311;80919;24399;32685;61913;46513;7100;3158;0;0
0;594666;116101;10289;3500;6911;7758;896;364;0;0
0;1183114;264512;150656;100649;50631;14497;4879;5344;0;0
0;1402958;62948;69755;52713;78788;24434;6376;1261;0;0
0;83107;7531;2507;2889;2816;585;320;165;0;0
0;1327523;254317;22590;25846;45434;53603;3275;3366;51;60
0;1572477;58748;25073;10547;6902;3491;1658;712;51;60
